<?xml version="1.0" standalone="yes" ?>
<?xml-stylesheet href="x2script.xsl" type="text/xsl" ?>
<script>
<name>al.plugin.x52extractor</name>
<version>1</version>
<engineversion>44</engineversion>
<description>Saitek X52 Pro data extractor - AL registration</description>
<arguments>
</arguments>
<sourcetext>
<line linenr="001" indent=""><text>load&#160;text:&#160;id=</text><var>9911</var></line>
<line linenr="002" indent=""><comment><text>*&#160;</text><var>load&#160;your&#160;t&#160;file&#160;number</var></comment></line>
<line linenr="003" indent=""></line>
<line linenr="004" indent=""><text>al&#160;engine:&#160;register&#160;script=</text><call>al.x52extractor.main</call></line>
<line linenr="005" indent=""><comment><text>*&#160;</text><var>this&#160;load&#160;the&#160;al&#160;main&#160;script</var></comment></line>
<line linenr="006" indent=""></line>
<line linenr="007" indent=""></line>
<line linenr="008" indent=""><text>return&#160;</text><var>null</var></line>
</sourcetext>
<codearray>

<sval type="array" size="10">
  <sval type="string" val="al.plugin.x52extractor"/>
  <sval type="int" val="44"/>
  <sval type="string" val="Saitek X52 Pro data extractor - AL registration"/>
  <sval type="int" val="1"/>
  <sval type="int" val="0"/>
  <sval type="int" val="0"/>
  <sval type="array" size="3">
    <sval type="array" size="3">
      <sval type="int" val="151"/>
      <sval type="int" val="4"/>
      <sval type="int" val="9911"/>
    </sval>
    <sval type="array" size="2">
      <sval type="int" val="1000"/>
      <sval type="string" val="al.x52extractor.main"/>
    </sval>
    <sval type="array" size="3">
      <sval type="int" val="103"/>
      <sval type="int" val="0"/>
      <sval type="int" val="0"/>
    </sval>
  </sval>
  <sval type="int" val="0"/>
  <sval type="array" size="5">
    <sval type="array" size="3">
      <sval type="int" val="1"/>
      <sval type="int" val="1"/>
      <sval type="string" val="load your t file number"/>
    </sval>
    <sval type="array" size="2">
      <sval type="int" val="1"/>
      <sval type="int" val="2"/>
    </sval>
    <sval type="array" size="3">
      <sval type="int" val="2"/>
      <sval type="int" val="1"/>
      <sval type="string" val="this load the al main script"/>
    </sval>
    <sval type="array" size="2">
      <sval type="int" val="2"/>
      <sval type="int" val="2"/>
    </sval>
    <sval type="array" size="2">
      <sval type="int" val="2"/>
      <sval type="int" val="2"/>
    </sval>
  </sval>
  <sval type="int" val="0"/>
</sval>

</codearray>
</script>
